-- phpMyAdmin SQL Dump
-- version 4.0.4
-- http://www.phpmyadmin.net
--
-- Host: localhost
-- Generation Time: Sep 30, 2013 at 04:37 PM
-- Server version: 5.6.12-log
-- PHP Version: 5.4.12

SET SQL_MODE = "NO_AUTO_VALUE_ON_ZERO";
SET time_zone = "+00:00";


/*!40101 SET @OLD_CHARACTER_SET_CLIENT=@@CHARACTER_SET_CLIENT */;
/*!40101 SET @OLD_CHARACTER_SET_RESULTS=@@CHARACTER_SET_RESULTS */;
/*!40101 SET @OLD_COLLATION_CONNECTION=@@COLLATION_CONNECTION */;
/*!40101 SET NAMES utf8 */;

--
-- Database: `trainsystem`
--
CREATE DATABASE IF NOT EXISTS `trainsystem` DEFAULT CHARACTER SET latin1 COLLATE latin1_swedish_ci;
USE `trainsystem`;

-- --------------------------------------------------------

--
-- Table structure for table `stationmaster`
--

CREATE TABLE IF NOT EXISTS `stationmaster` (
  `StationId` int(5) NOT NULL AUTO_INCREMENT,
  `StationCode` varchar(7) DEFAULT NULL,
  `StationName` varchar(50) NOT NULL,
  PRIMARY KEY (`StationId`)
) ENGINE=InnoDB  DEFAULT CHARSET=latin1 AUTO_INCREMENT=12 ;

--
-- Dumping data for table `stationmaster`
--

INSERT INTO `stationmaster` (`StationId`, `StationCode`, `StationName`) VALUES
(1, 'PUNE JN', 'Pune'),
(2, 'SVJR', 'Shivaji Nagar'),
(3, 'KK', 'Khadki'),
(4, 'PMP', 'Pimpri'),
(5, 'CCH', 'Chinchwad'),
(6, 'LNL', 'Lonavala'),
(7, 'KJT', 'Karjat'),
(8, 'KYN', 'Kalyan'),
(9, 'TH', 'Thane'),
(10, 'DR', 'DADAR'),
(11, 'MUM CST', 'Mumbai CST');

-- --------------------------------------------------------

--
-- Table structure for table `ticketbookingmaster`
--

CREATE TABLE IF NOT EXISTS `ticketbookingmaster` (
  `TicketBookingId` int(11) NOT NULL AUTO_INCREMENT,
  `TrainId` int(11) NOT NULL,
  `TrainDate` varchar(10) NOT NULL,
  `TotalTickets` int(11) NOT NULL,
  `1A` int(11) NOT NULL,
  `2A` int(11) NOT NULL,
  `2S` int(11) NOT NULL,
  `3A` int(11) NOT NULL,
  `3E` int(11) NOT NULL,
  `CC` int(11) NOT NULL,
  `FC` int(11) NOT NULL,
  `SL` int(11) NOT NULL,
  `TicketsBooked` int(11) NOT NULL,
  PRIMARY KEY (`TicketBookingId`)
) ENGINE=InnoDB  DEFAULT CHARSET=latin1 AUTO_INCREMENT=34 ;

--
-- Dumping data for table `ticketbookingmaster`
--

INSERT INTO `ticketbookingmaster` (`TicketBookingId`, `TrainId`, `TrainDate`, `TotalTickets`, `1A`, `2A`, `2S`, `3A`, `3E`, `CC`, `FC`, `SL`, `TicketsBooked`) VALUES
(1, 1, '29/09/2013', 1000, 0, 0, 747, 0, 0, 250, 0, 0, 3),
(2, 1, '30/09/2013', 1000, 0, 0, 747, 0, 0, 250, 0, 0, 3),
(3, 1, '01/10/2013', 1000, 0, 0, 747, 0, 0, 250, 0, 0, 3),
(4, 2, '30/09/2013', 1000, 0, 0, 747, 0, 0, 250, 0, 0, 3),
(5, 2, '01/10/2013', 1000, 0, 0, 747, 0, 0, 250, 0, 0, 3),
(6, 2, '02/10/2013', 1000, 0, 0, 747, 0, 0, 250, 0, 0, 3),
(7, 2, '03/10/2013', 1000, 0, 0, 747, 0, 0, 250, 0, 0, 3),
(8, 3, '29/09/2013', 1200, 0, 0, 747, 0, 0, 250, 0, 0, 3),
(9, 3, '30/09/2013', 1200, 0, 0, 747, 0, 0, 250, 0, 0, 3),
(10, 3, '01/10/2013', 1200, 0, 0, 747, 0, 0, 250, 0, 0, 3),
(11, 3, '02/10/2013', 1200, 0, 0, 747, 0, 0, 250, 0, 0, 3),
(12, 3, '03/10/2013', 1200, 0, 0, 747, 0, 0, 250, 0, 0, 3),
(13, 4, '29/09/2013', 900, 0, 0, 747, 0, 0, 250, 0, 0, 3),
(14, 4, '30/09/2013', 900, 0, 0, 747, 0, 0, 250, 0, 0, 3),
(15, 4, '01/10/2013', 900, 0, 0, 747, 0, 0, 250, 0, 0, 3),
(16, 4, '02/10/2013', 900, 0, 0, 747, 0, 0, 250, 0, 0, 3),
(17, 4, '03/10/2013', 900, 0, 0, 747, 0, 0, 250, 0, 0, 3),
(18, 5, '29/09/2013', 1500, 0, 0, 747, 0, 0, 250, 0, 0, 3),
(19, 5, '30/09/2013', 1500, 0, 0, 747, 0, 0, 250, 0, 0, 3),
(20, 5, '01/10/2013', 1500, 0, 0, 747, 0, 0, 250, 0, 0, 3),
(21, 5, '02/10/2013', 1500, 0, 0, 747, 0, 0, 250, 0, 0, 3),
(22, 5, '03/10/2013', 1500, 0, 0, 747, 0, 0, 250, 0, 0, 3),
(23, 6, '29/09/2013', 1200, 0, 0, 747, 0, 0, 250, 0, 0, 3),
(24, 6, '30/09/2013', 1200, 0, 0, 747, 0, 0, 250, 0, 0, 3),
(25, 6, '01/10/2013', 1200, 0, 0, 747, 0, 0, 250, 0, 0, 3),
(26, 6, '02/10/2013', 1200, 0, 0, 747, 0, 0, 250, 0, 0, 3),
(27, 6, '03/10/2013', 1200, 0, 0, 747, 0, 0, 250, 0, 0, 3),
(28, 7, '29/09/2013', 1100, 0, 0, 747, 0, 0, 250, 0, 0, 3),
(29, 7, '30/09/2013', 1100, 0, 0, 747, 0, 0, 250, 0, 0, 3),
(30, 7, '01/10/2013', 1100, 0, 0, 747, 0, 0, 250, 0, 0, 3),
(31, 7, '02/10/2013', 1100, 0, 0, 747, 0, 0, 250, 0, 0, 3),
(32, 7, '03/10/2013', 1100, 0, 0, 747, 0, 0, 250, 0, 0, 3),
(33, 2, '29/09/2013', 1000, 0, 0, 747, 0, 0, 250, 0, 0, 3);

-- --------------------------------------------------------

--
-- Table structure for table `ticketfare`
--

CREATE TABLE IF NOT EXISTS `ticketfare` (
  `TicketFareId` int(11) NOT NULL AUTO_INCREMENT,
  `TrainId` int(11) NOT NULL,
  `1A` int(11) NOT NULL,
  `2A` int(11) NOT NULL,
  `3A` int(11) NOT NULL,
  `3E` int(11) NOT NULL,
  `CC` int(11) NOT NULL,
  `SL` int(11) NOT NULL,
  `2S` int(11) NOT NULL,
  `FC` int(11) NOT NULL,
  PRIMARY KEY (`TicketFareId`)
) ENGINE=InnoDB  DEFAULT CHARSET=latin1 AUTO_INCREMENT=8 ;

--
-- Dumping data for table `ticketfare`
--

INSERT INTO `ticketfare` (`TicketFareId`, `TrainId`, `1A`, `2A`, `3A`, `3E`, `CC`, `SL`, `2S`, `FC`) VALUES
(1, 1, 0, 0, 0, 0, 2, 0, 1, 0),
(2, 2, 0, 0, 0, 2, 2, 3, 1, 0),
(3, 3, 0, 0, 0, 0, 2, 0, 1, 0),
(4, 4, 0, 0, 0, 0, 2, 0, 1, 0),
(5, 5, 4, 0, 0, 0, 2, 3, 1, 0),
(6, 6, 0, 0, 0, 0, 2, 3, 1, 0),
(7, 7, 0, 0, 0, 0, 2, 0, 1, 0);

-- --------------------------------------------------------

--
-- Table structure for table `trainmaster`
--

CREATE TABLE IF NOT EXISTS `trainmaster` (
  `TrainId` int(5) NOT NULL AUTO_INCREMENT,
  `TrainNumber` int(5) NOT NULL,
  `TrainName` varchar(50) NOT NULL,
  `TrainType` varchar(25) NOT NULL,
  PRIMARY KEY (`TrainId`)
) ENGINE=InnoDB  DEFAULT CHARSET=latin1 AUTO_INCREMENT=8 ;

--
-- Dumping data for table `trainmaster`
--

INSERT INTO `trainmaster` (`TrainId`, `TrainNumber`, `TrainName`, `TrainType`) VALUES
(1, 11010, 'Sinhagad Express', 'Fast'),
(2, 22106, 'Indrayani Express', 'Slow'),
(3, 12124, 'Deccan Queen', 'SuperFast'),
(4, 11008, 'Deccan Express', 'Fast'),
(5, 30040, 'Mumbai Express', 'SuperFast'),
(6, 80050, 'Shatabdi Express', 'SuperFast'),
(7, 12128, 'Intercity', 'SuperFast');

-- --------------------------------------------------------

--
-- Table structure for table `trainschedule`
--

CREATE TABLE IF NOT EXISTS `trainschedule` (
  `ScheduleId` int(5) NOT NULL AUTO_INCREMENT,
  `TrainId` int(5) NOT NULL,
  `TrainDate` varchar(15) DEFAULT NULL,
  `StationId` int(5) NOT NULL,
  `ArrivalTime` varchar(5) NOT NULL,
  `Departure` varchar(5) NOT NULL,
  `Distance` int(4) NOT NULL,
  PRIMARY KEY (`ScheduleId`)
) ENGINE=InnoDB  DEFAULT CHARSET=latin1 AUTO_INCREMENT=239 ;

--
-- Dumping data for table `trainschedule`
--

INSERT INTO `trainschedule` (`ScheduleId`, `TrainId`, `TrainDate`, `StationId`, `ArrivalTime`, `Departure`, `Distance`) VALUES
(1, 1, '29/09/2013', 1, '06:00', '06:05', 0),
(2, 1, '29/09/2013', 2, '06:10', '06:13', 10),
(3, 1, '29/09/2013', 3, '06:18', '06:20', 20),
(4, 1, '29/09/2013', 4, '06:28', '06:31', 30),
(5, 1, '29/09/2013', 5, '06:33', '06:35', 50),
(6, 1, '29/09/2013', 6, '07:13', '07:15', 100),
(7, 1, '29/09/2013', 7, '07:58', '08:00', 150),
(8, 1, '29/09/2013', 8, '08:42', '08:47', 175),
(9, 1, '29/09/2013', 10, '09:33', '09:35', 200),
(10, 1, '29/09/2013', 11, '09:53', '10:00', 250),
(11, 1, '30/09/2013', 1, '06:00', '06:05', 0),
(12, 1, '30/09/2013', 2, '06:10', '06:13', 10),
(13, 1, '30/09/2013', 3, '06:18', '06:20', 20),
(14, 1, '30/09/2013', 4, '06:28', '06:31', 30),
(15, 1, '30/09/2013', 5, '06:33', '06:35', 50),
(16, 1, '30/09/2013', 6, '07:13', '07:15', 100),
(17, 1, '30/09/2013', 7, '07:58', '08:00', 150),
(18, 1, '30/09/2013', 8, '08:42', '08:47', 175),
(19, 1, '30/09/2013', 10, '09:33', '09:35', 200),
(20, 1, '30/09/2013', 11, '09:53', '10:00', 250),
(21, 1, '01/10/2013', 1, '06:00', '06:05', 0),
(22, 1, '01/10/2013', 2, '06:10', '06:13', 10),
(23, 1, '01/10/2013', 3, '06:18', '06:20', 20),
(24, 1, '01/10/2013', 4, '06:28', '06:31', 30),
(25, 1, '01/10/2013', 5, '06:33', '06:35', 50),
(26, 1, '01/10/2013', 6, '07:13', '07:15', 100),
(27, 1, '01/10/2013', 7, '07:58', '08:00', 150),
(28, 1, '01/10/2013', 8, '08:42', '08:47', 150),
(29, 1, '01/10/2013', 10, '09:33', '09:35', 200),
(30, 1, '01/10/2013', 11, '09:53', '10:00', 250),
(31, 2, '29/09/2013', 1, '18:30', '18:35', 0),
(32, 2, '29/09/2013', 2, '18:40', '18:43', 10),
(33, 2, '29/09/2013', 3, '18:50', '18:52', 20),
(34, 2, '29/09/2013', 4, '19:00', '19:02', 30),
(35, 2, '29/09/2013', 5, '19:12', '19:14', 50),
(36, 2, '29/09/2013', 6, '20:00', '20:03', 100),
(37, 2, '29/09/2013', 7, '20:30', '20:32', 150),
(38, 2, '29/09/2013', 8, '20:55', '20:57', 175),
(39, 2, '29/09/2013', 9, '21:15', '21:17', 190),
(40, 2, '29/09/2013', 10, '21:38', '21:40', 200),
(41, 2, '29/09/2013', 11, '21:58', '22:00', 250),
(42, 2, '30/09/2013', 1, '18:30', '18:35', 0),
(43, 2, '30/09/2013', 2, '18:40', '18:43', 10),
(44, 2, '30/09/2013', 3, '18:50', '18:52', 20),
(45, 2, '30/09/2013', 4, '19:00', '19:02', 30),
(46, 2, '30/09/2013', 5, '19:12', '19:14', 50),
(47, 2, '30/09/2013', 6, '20:00', '20:03', 100),
(48, 2, '30/09/2013', 7, '20:30', '20:32', 150),
(49, 2, '30/09/2013', 8, '20:55', '20:57', 175),
(50, 2, '30/09/2013', 9, '21:15', '21:17', 190),
(51, 2, '30/09/2013', 10, '21:38', '21:40', 200),
(52, 2, '30/09/2013', 11, '21:58', '22:00', 250),
(53, 2, '02/10/2013', 1, '18:30', '18:35', 0),
(54, 2, '02/10/2013', 2, '18:40', '18:43', 10),
(55, 2, '02/10/2013', 3, '18:50', '18:52', 20),
(56, 2, '02/10/2013', 4, '19:00', '19:02', 30),
(57, 2, '02/10/2013', 5, '19:12', '19:14', 50),
(58, 2, '02/10/2013', 6, '20:00', '20:03', 100),
(59, 2, '02/10/2013', 7, '20:30', '20:32', 150),
(60, 2, '02/10/2013', 8, '20:55', '20:57', 175),
(61, 2, '02/10/2013', 9, '21:15', '21:17', 190),
(62, 2, '02/10/2013', 10, '21:38', '21:40', 200),
(63, 2, '02/10/2013', 11, '21:58', '22:00', 250),
(64, 2, '01/10/2013', 1, '18:30', '18:35', 0),
(65, 2, '01/10/2013', 2, '18:40', '18:43', 10),
(66, 2, '01/10/2013', 3, '18:50', '18:52', 20),
(67, 2, '01/10/2013', 4, '19:00', '19:02', 30),
(68, 2, '01/10/2013', 5, '19:12', '19:14', 50),
(69, 2, '01/10/2013', 6, '20:00', '20:03', 100),
(70, 2, '01/10/2013', 7, '20:30', '20:32', 150),
(71, 2, '01/10/2013', 8, '20:55', '20:57', 175),
(72, 2, '01/10/2013', 9, '21:15', '21:17', 190),
(73, 2, '01/10/2013', 10, '21:38', '21:40', 200),
(74, 2, '01/10/2013', 11, '21:58', '22:00', 250),
(75, 2, '03/10/2013', 1, '18:30', '18:35', 0),
(76, 2, '03/10/2013', 2, '18:40', '18:43', 10),
(77, 2, '03/10/2013', 3, '18:50', '18:52', 20),
(78, 2, '03/10/2013', 4, '19:00', '19:02', 30),
(79, 2, '03/10/2013', 5, '19:12', '19:14', 50),
(80, 2, '03/10/2013', 6, '20:00', '20:03', 100),
(81, 2, '03/10/2013', 7, '20:30', '20:32', 150),
(82, 2, '03/10/2013', 8, '20:55', '20:57', 175),
(83, 2, '03/10/2013', 9, '21:15', '21:17', 190),
(84, 2, '03/10/2013', 10, '21:38', '21:40', 200),
(85, 2, '03/10/2013', 11, '21:58', '22:00', 250),
(86, 3, '29/09/2013', 1, '15:30', '15:35', 0),
(87, 3, '29/09/2013', 2, '15:40', '15:43', 10),
(88, 3, '29/09/2013', 6, '16:40', '16:43', 100),
(89, 3, '29/09/2013', 8, '17:20', '17:23', 175),
(90, 3, '29/09/2013', 9, '17:40', '17:42', 190),
(91, 3, '29/09/2013', 10, '18:00', '18:02', 200),
(92, 3, '29/09/2013', 11, '18:20', '18:25', 250),
(93, 3, '30/09/2013', 1, '15:30', '15:35', 0),
(94, 3, '30/09/2013', 2, '15:40', '15:43', 10),
(95, 3, '30/09/2013', 6, '16:40', '16:43', 100),
(96, 3, '30/09/2013', 8, '17:20', '17:23', 175),
(97, 3, '30/09/2013', 9, '17:40', '17:42', 190),
(98, 3, '30/09/2013', 10, '18:00', '18:02', 200),
(99, 3, '30/09/2013', 11, '18:20', '18:25', 250),
(100, 3, '01/10/2013', 1, '15:30', '15:35', 0),
(101, 3, '01/10/2013', 2, '15:40', '15:43', 10),
(102, 3, '01/10/2013', 6, '16:40', '16:43', 100),
(103, 3, '01/10/2013', 8, '17:20', '17:23', 175),
(104, 3, '01/10/2013', 9, '17:40', '17:42', 190),
(105, 3, '01/10/2013', 10, '18:00', '18:02', 200),
(106, 3, '01/10/2013', 11, '18:20', '18:25', 250),
(107, 3, '02/10/2013', 1, '15:30', '15:35', 0),
(108, 3, '02/10/2013', 2, '15:40', '15:43', 10),
(109, 3, '02/10/2013', 6, '16:40', '16:43', 100),
(110, 3, '02/10/2013', 8, '17:20', '17:23', 175),
(111, 3, '02/10/2013', 9, '17:40', '17:42', 190),
(112, 3, '02/10/2013', 10, '18:00', '18:02', 200),
(113, 3, '02/10/2013', 11, '18:20', '18:25', 250),
(114, 4, '29/09/2013', 1, '12:30', '12:35', 0),
(115, 4, '29/09/2013', 2, '12:40', '12:43', 10),
(116, 4, '29/09/2013', 4, '12:50', '12:53', 30),
(117, 4, '29/09/2013', 5, '13:10', '13:13', 50),
(118, 4, '29/09/2013', 6, '14:00', '14:03', 100),
(119, 4, '29/09/2013', 8, '14:20', '14:23', 175),
(120, 4, '29/09/2013', 9, '14:40', '14:42', 190),
(121, 4, '29/09/2013', 10, '15:00', '15:02', 200),
(122, 4, '29/09/2013', 11, '15:20', '15:25', 250),
(123, 4, '30/09/2013', 1, '12:30', '12:35', 0),
(124, 4, '30/09/2013', 2, '12:40', '12:43', 10),
(125, 4, '30/09/2013', 4, '12:50', '12:53', 30),
(126, 4, '30/09/2013', 5, '13:10', '13:13', 50),
(127, 4, '30/09/2013', 6, '14:00', '14:03', 100),
(128, 4, '30/09/2013', 8, '14:20', '14:23', 175),
(129, 4, '30/09/2013', 9, '14:40', '14:42', 190),
(130, 4, '30/09/2013', 10, '15:00', '15:02', 200),
(131, 4, '30/09/2013', 11, '15:20', '15:25', 250),
(132, 4, '01/10/2013', 1, '12:30', '12:35', 0),
(133, 4, '01/10/2013', 2, '12:40', '12:43', 10),
(134, 4, '01/10/2013', 4, '12:50', '12:53', 30),
(135, 4, '01/10/2013', 5, '13:10', '13:13', 50),
(136, 4, '01/10/2013', 6, '14:00', '14:03', 100),
(137, 4, '01/10/2013', 8, '14:20', '14:23', 175),
(138, 4, '01/10/2013', 9, '14:40', '14:42', 190),
(139, 4, '01/10/2013', 10, '15:00', '15:02', 200),
(140, 4, '01/10/2013', 11, '15:20', '15:25', 250),
(141, 4, '02/10/2013', 1, '12:30', '12:35', 0),
(142, 4, '02/10/2013', 2, '12:40', '12:43', 10),
(143, 4, '02/10/2013', 4, '12:50', '12:53', 30),
(144, 4, '02/10/2013', 5, '13:10', '13:13', 50),
(145, 4, '02/10/2013', 6, '14:00', '14:03', 100),
(146, 4, '02/10/2013', 8, '14:20', '14:23', 175),
(147, 4, '02/10/2013', 9, '14:40', '14:42', 190),
(148, 4, '02/10/2013', 10, '15:00', '15:02', 200),
(149, 4, '02/10/2013', 11, '15:20', '15:25', 250),
(150, 4, '03/10/2013', 1, '12:30', '12:35', 0),
(151, 4, '03/10/2013', 2, '12:40', '12:43', 10),
(152, 4, '03/10/2013', 4, '12:50', '12:53', 30),
(153, 4, '03/10/2013', 5, '13:10', '13:13', 50),
(154, 4, '03/10/2013', 6, '14:00', '14:03', 100),
(155, 4, '03/10/2013', 8, '14:20', '14:23', 175),
(156, 4, '03/10/2013', 9, '14:40', '14:42', 190),
(157, 4, '03/10/2013', 10, '15:00', '15:02', 200),
(158, 4, '03/10/2013', 11, '15:20', '15:25', 250),
(159, 5, '29/09/2013', 1, '16:30', '16:35', 0),
(160, 5, '29/09/2013', 2, '16:40', '16:43', 10),
(161, 5, '29/09/2013', 6, '17:50', '17:53', 100),
(162, 5, '29/09/2013', 8, '18:30', '18:33', 175),
(163, 5, '29/09/2013', 10, '19:00', '19:03', 200),
(164, 5, '29/09/2013', 11, '19:20', '19:23', 250),
(165, 5, '30/09/2013', 1, '16:30', '16:35', 0),
(166, 5, '30/09/2013', 2, '16:40', '16:43', 10),
(167, 5, '30/09/2013', 6, '17:50', '17:53', 100),
(168, 5, '30/09/2013', 8, '18:30', '18:33', 175),
(169, 5, '30/09/2013', 10, '19:00', '19:03', 200),
(170, 5, '30/09/2013', 11, '19:20', '19:23', 250),
(171, 5, '01/10/2013', 1, '16:30', '16:35', 0),
(172, 5, '01/10/2013', 2, '16:40', '16:43', 10),
(173, 5, '01/10/2013', 6, '17:50', '17:53', 100),
(174, 5, '01/10/2013', 8, '18:30', '18:33', 175),
(175, 5, '01/10/2013', 10, '19:00', '19:03', 200),
(176, 5, '01/10/2013', 11, '19:20', '19:23', 250),
(177, 5, '02/10/2013', 1, '16:30', '16:35', 0),
(178, 5, '02/10/2013', 2, '16:40', '16:43', 10),
(179, 5, '02/10/2013', 6, '17:50', '17:53', 100),
(180, 5, '02/10/2013', 8, '18:30', '18:33', 175),
(181, 5, '02/10/2013', 10, '19:00', '19:03', 200),
(182, 5, '02/10/2013', 11, '19:20', '19:23', 250),
(183, 5, '03/10/2013', 1, '16:30', '16:35', 0),
(184, 5, '03/10/2013', 2, '16:40', '16:43', 10),
(185, 5, '03/10/2013', 6, '17:50', '17:53', 100),
(186, 5, '03/10/2013', 8, '18:30', '18:33', 175),
(187, 5, '03/10/2013', 10, '19:00', '19:03', 200),
(188, 5, '03/10/2013', 11, '19:20', '19:23', 250),
(189, 6, '29/09/2013', 1, '20:30', '20:35', 0),
(190, 6, '29/09/2013', 2, '20:40', '20:43', 10),
(191, 6, '29/09/2013', 6, '21:30', '21:33', 100),
(192, 6, '29/09/2013', 10, '22:00', '22:03', 200),
(193, 6, '29/09/2013', 11, '22:20', '22:23', 250),
(194, 6, '30/09/2013', 1, '20:30', '20:35', 0),
(195, 6, '30/09/2013', 2, '20:40', '20:43', 10),
(196, 6, '30/09/2013', 6, '21:30', '21:33', 100),
(197, 6, '30/09/2013', 10, '22:00', '22:03', 200),
(198, 6, '30/09/2013', 11, '22:20', '22:23', 250),
(199, 6, '01/10/2013', 1, '20:30', '20:35', 0),
(200, 6, '01/10/2013', 2, '20:40', '20:43', 10),
(201, 6, '01/10/2013', 6, '21:30', '21:33', 100),
(202, 6, '01/10/2013', 10, '22:00', '22:03', 200),
(203, 6, '01/10/2013', 11, '22:20', '22:23', 250),
(204, 6, '02/10/2013', 1, '20:30', '20:35', 0),
(205, 6, '02/10/2013', 2, '20:40', '20:43', 10),
(206, 6, '02/10/2013', 6, '21:30', '21:33', 100),
(207, 6, '02/10/2013', 10, '22:00', '22:03', 200),
(208, 6, '02/10/2013', 11, '22:20', '22:23', 250),
(209, 6, '03/10/2013', 1, '20:30', '20:35', 0),
(210, 6, '03/10/2013', 2, '20:40', '20:43', 10),
(211, 6, '03/10/2013', 6, '21:30', '21:33', 100),
(212, 6, '03/10/2013', 10, '22:00', '22:03', 200),
(213, 6, '03/10/2013', 11, '22:20', '22:23', 250),
(214, 7, '29/09/2013', 1, '17:50', '17:55', 0),
(215, 7, '29/09/2013', 6, '18:46', '18:48', 100),
(216, 7, '29/09/2013', 9, '20:18', '20:20', 190),
(217, 7, '29/09/2013', 10, '20:37', '20:39', 200),
(218, 7, '29/09/2013', 11, '21:05', '21:10', 250),
(219, 7, '30/09/2013', 1, '17:50', '17:55', 0),
(220, 7, '30/09/2013', 6, '18:46', '18:48', 100),
(221, 7, '30/09/2013', 9, '20:18', '20:20', 190),
(222, 7, '30/09/2013', 10, '20:37', '20:39', 200),
(223, 7, '30/09/2013', 11, '21:05', '21:10', 250),
(224, 7, '01/10/2013', 1, '17:50', '17:55', 0),
(225, 7, '01/10/2013', 6, '18:46', '18:48', 100),
(226, 7, '01/10/2013', 9, '20:18', '20:20', 190),
(227, 7, '01/10/2013', 10, '20:37', '20:39', 200),
(228, 7, '01/10/2013', 11, '21:05', '21:10', 250),
(229, 7, '02/10/2013', 1, '17:50', '17:55', 0),
(230, 7, '02/10/2013', 6, '18:46', '18:48', 100),
(231, 7, '02/10/2013', 9, '20:18', '20:20', 190),
(232, 7, '02/10/2013', 10, '20:37', '20:39', 200),
(233, 7, '02/10/2013', 11, '21:05', '21:10', 250),
(234, 7, '03/10/2013', 1, '17:50', '17:55', 0),
(235, 7, '03/10/2013', 6, '18:46', '18:48', 100),
(236, 7, '03/10/2013', 9, '20:18', '20:20', 190),
(237, 7, '03/10/2013', 10, '20:37', '20:39', 200),
(238, 7, '03/10/2013', 11, '21:05', '21:10', 250);

-- --------------------------------------------------------

--
-- Table structure for table `trainticketbooking`
--

CREATE TABLE IF NOT EXISTS `trainticketbooking` (
  `BookingId` int(5) NOT NULL AUTO_INCREMENT,
  `TrainId` int(5) NOT NULL,
  `TicketFareId` int(5) NOT NULL,
  `ScheduleFromId` int(5) NOT NULL,
  `ScheduleToId` int(11) NOT NULL,
  `TicketBookingMasterId` int(11) NOT NULL,
  `BookingDate` varchar(10) NOT NULL,
  `UserId` int(11) NOT NULL,
  `Quantity` int(11) NOT NULL,
  PRIMARY KEY (`BookingId`)
) ENGINE=InnoDB  DEFAULT CHARSET=latin1 AUTO_INCREMENT=6 ;

--
-- Dumping data for table `trainticketbooking`
--

INSERT INTO `trainticketbooking` (`BookingId`, `TrainId`, `TicketFareId`, `ScheduleFromId`, `ScheduleToId`, `TicketBookingMasterId`, `BookingDate`, `UserId`, `Quantity`) VALUES
(1, 1, 1, 1, 9, 1, '29/09/2013', 1, 1),
(2, 1, 1, 1, 9, 1, '29/09/2013', 1, 1),
(3, 1, 1, 1, 9, 1, '29/09/2013', 1, 1),
(4, 1, 1, 1, 9, 1, '29/09/2013', 1, 1),
(5, 1, 1, 1, 9, 1, '29/09/2013', 1, 1);

-- --------------------------------------------------------

--
-- Table structure for table `traintickets`
--

CREATE TABLE IF NOT EXISTS `traintickets` (
  `TicketId` int(5) NOT NULL AUTO_INCREMENT,
  `TrainId` int(5) NOT NULL,
  `1A` int(5) NOT NULL,
  `FC` int(5) NOT NULL,
  `2A` int(5) NOT NULL,
  `3A` int(5) NOT NULL,
  `3E` int(5) NOT NULL,
  `CC` int(5) NOT NULL,
  `SL` int(5) NOT NULL,
  `2S` int(5) NOT NULL,
  `TotalTickets` int(11) DEFAULT NULL,
  PRIMARY KEY (`TicketId`)
) ENGINE=InnoDB  DEFAULT CHARSET=latin1 AUTO_INCREMENT=8 ;

--
-- Dumping data for table `traintickets`
--

INSERT INTO `traintickets` (`TicketId`, `TrainId`, `1A`, `FC`, `2A`, `3A`, `3E`, `CC`, `SL`, `2S`, `TotalTickets`) VALUES
(1, 1, 0, 0, 0, 0, 0, 250, 0, 750, 1000),
(2, 2, 0, 0, 0, 0, 50, 200, 100, 650, 1000),
(3, 3, 0, 0, 0, 0, 0, 450, 0, 750, 1200),
(4, 4, 0, 0, 0, 0, 0, 200, 0, 700, 900),
(5, 5, 100, 0, 0, 0, 0, 250, 300, 850, 1500),
(6, 6, 0, 0, 0, 0, 0, 250, 200, 750, 1200),
(7, 7, 0, 0, 0, 0, 0, 250, 0, 850, 1100);

-- --------------------------------------------------------

--
-- Table structure for table `usert`
--

CREATE TABLE IF NOT EXISTS `usert` (
  `UserId` int(5) NOT NULL AUTO_INCREMENT,
  `Username` varchar(50) NOT NULL,
  `Password` varchar(50) NOT NULL,
  `Name` varchar(200) NOT NULL,
  `Age` int(11) NOT NULL,
  `Sex` varchar(6) NOT NULL,
  `MobileNo` varchar(10) NOT NULL,
  PRIMARY KEY (`UserId`)
) ENGINE=InnoDB  DEFAULT CHARSET=latin1 AUTO_INCREMENT=3 ;

--
-- Dumping data for table `usert`
--

INSERT INTO `usert` (`UserId`, `Username`, `Password`, `Name`, `Age`, `Sex`, `MobileNo`) VALUES
(1, 'dev', 'dev', 'Devang Pandya', 24, 'Male', '9833555160'),
(2, 'manas', 'manas', 'Manas Mehta', 24, 'Male', '9769491519');

/*!40101 SET CHARACTER_SET_CLIENT=@OLD_CHARACTER_SET_CLIENT */;
/*!40101 SET CHARACTER_SET_RESULTS=@OLD_CHARACTER_SET_RESULTS */;
/*!40101 SET COLLATION_CONNECTION=@OLD_COLLATION_CONNECTION */;
